"specimen","country","region","species","habit","general_habit","habitat","general_habitat","ab_papillae_long_cells_stomatal","ab_papillae_long_cells_interstomatal","ab_bifurcated_papillae_long_cells_stomatal","ab_bifurcated_papillae_long_cells_interstomatal","ab_branch_papillae_long_cells_stomatal","ab_branch_papillae_long_cells_interstomatal","ab_prickle","ab_bimicro","ab_macro","ab_bilobate_intercostal","ab_ridged_saddle_intercostal","ab_smooth_saddle_intercostal","ab_vertically_elongated_rounded_intercostal","ab_reniform_intercostal","ab_nodular_intercostal","ab_bilobate_costal","ab_ridged_saddle_costal","ab_smooth_saddle_costal","ab_vertically_elongated_rounded_costal","ab_reniform_costal","ab_nodular_costal","ab_triangular_sub_cells","ab_dome_sub_cells","ab_parallel_sub_cells","ad_stomata","ad_stomata_freq","ad_papillae_long_cells_stomatal","ad_papillae_long_cells_interstomatal","ad_bifurcated_papillae_long_cells_stomatal","ad_bifurcated_papillae_long_cells_interstomatal","ad_branch_papillae_long_cells_stomatal","ad_branch_papillae_long_cells_interstomatal","ad_papillae_overarch","ad_papillae_bulliform","ad_prickle","ad_bimicro","ad_macro","ad_bilobate_intercostal","ad_ridged_saddle_intercostal","ad_smooth_saddle_intercostal","ad_vertically_elongated_rounded_intercostal","ad_reniform_intercostal","ad_nodular_intercostal","ad_bilobate_costal","ad_ridged_saddle_costal","ad_smooth_saddle_costal","ad_vertically_elongated_rounded_costal","ad_reniform_costal","ad_nodular_costal","ad_triangular_sub_cells","ad_dome_sub_cells","ad_parallel_sub_cells"
"g_aculeata_clark_and_tenorio_948","mexico","central_america","g_aculeata","big_erect","erect_or_climbing","forest","general_forest","0","0","0","0","0","0","0","1","0","0","0","0","1","1","1","1","0","0","1","1","1","1","1","1","1","1","0","0","0","0","0","0","x","0","1","0","1","1","0","0","0","1","1","1","0","0","0","1","1","1","1","0"
"g_aculeata_clark_and_tenorio_949","mexico","mexico","g_aculeata","big_erect","erect_or_climbing","forest","general_forest","0","0","0","0","0","0","0","1","0","0","0","0","1","1","0","1","0","1","1","1","1","0","1","1","1","1","0","0","0","0","0","0","x","0","0","0","0","1","0","0","1","1","1","0","0","1","0","1","1","0","0","1"
"g_aculeata_liebmann_131","mexico","mexico","g_aculeata","big_erect","erect_or_climbing","forest","general_forest","0","0","0","0","0","0","0","0","0","1","0","0","1","1","0","1","0","1","1","1","0","0","1","0","1","0","0","0","0","0","0","0","x","0","0","0","0","1","0","0","1","1","1","1","0","1","1","1","0","0","1","1"
"g_aculeata_liebmann_141","mexico","mexico","g_aculeata","big_erect","erect_or_climbing","forest","general_forest","0","0","0","0","0","0","1","0","0","0","0","0","1","1","0","1","0","1","0","0","0","0","1","0","1","0","1","0","0","0","0","0","0","0","1","0","0","1","0","0","0","1","0","1","0","1","0","0","0","0","0","1"
"g_aculeata_little_25168","nicaragua","central_america","g_aculeata","big_erect","erect_or_climbing","forest","general_forest","0","0","0","0","0","0","0","1","0","1","0","0","1","1","1","1","0","1","1","1","0","0","1","1","1","1","0","0","0","0","0","0","x","0","1","0","0","1","0","0","1","1","1","1","0","0","1","1","0","0","1","1"
"g_aculeata_mcclure_21556","nicaragua","central_america","g_aculeata","big_erect","erect_or_climbing","forest","general_forest","0","0","0","0","0","0","1","1","0","1","0","0","1","1","1","1","0","1","0","1","1","0","1","1","1","0","0","0","0","0","0","0","x","0","0","0","0","0","0","0","1","1","1","1","0","1","0","0","0","0","1","0"
"g_aculeata_mcclure_21572","guatemala","central_america","g_aculeata","big_erect","erect_or_climbing","forest","general_forest","0","0","0","0","0","0","1","1","0","0","0","0","1","1","1","1","0","1","1","1","0","1","1","0","1","0","0","0","0","0","0","0","x","0","0","0","0","1","0","0","1","1","1","1","0","1","0","0","0","1","1","0"
"g_aculeata_mcclure_21675","guatemala","central_america","g_aculeata","big_erect","erect_or_climbing","forest","general_forest","0","0","0","0","0","0","0","1","0","1","0","0","1","1","1","1","0","1","0","0","0","0","1","1","1","1","0","0","0","0","0","0","x","0","0","0","0","1","0","0","1","1","1","1","0","0","1","1","0","0","0","1"
"g_aculeata_ortiz_2059","nicaragua","central_america","g_aculeata","big_erect","erect_or_climbing","forest","general_forest","0","0","0","0","0","0","0","1","0","0","0","0","0","1","1","1","0","1","1","1","0","0","1","0","1","0","0","0","0","0","0","0","x","0","1","0","1","1","0","0","1","1","1","1","0","0","0","0","1","0","1","0"
"g_aculeata_stevens_and_moreno_19690","nicaragua","central_america","g_aculeata","big_erect","erect_or_climbing","forest","general_forest","0","0","0","0","0","0","1","1","0","1","0","0","1","1","1","1","0","1","0","0","0","0","1","1","1","1","0","0","0","0","0","0","x","0","1","0","0","1","0","0","0","1","1","1","0","1","1","1","0","0","1","1"
"g_aculeata_young_205","mexico","mexico","g_aculeata","big_erect","erect_or_climbing","forest","general_forest","0","0","0","0","0","0","0","1","0","0","0","0","0","1","1","1","0","1","0","1","1","0","1","1","1","0","0","0","0","0","0","0","x","0","0","0","0","1","0","0","1","1","1","1","0","1","0","0","1","1","1","1"
"g_amplexifolia_allen_4039","panama","central_america","g_amplexifolia","big_erect","erect_or_climbing","forest","general_forest","0","0","0","0","0","0","0","1","0","1","0","0","0","0","0","1","0","1","0","0","0","0","1","1","1","0","1","1","0","0","0","0","0","1","0","0","0","1","0","0","0","0","0","1","0","0","0","0","0","1","1","1"
"g_amplexifolia_clark_et_al_1144","mexico","mexico","g_amplexifolia","big_erect","erect_or_climbing","forest","general_forest","0","0","0","0","0","0","0","0","0","1","0","0","1","1","0","1","0","0","0","0","0","0","1","0","1","0","1","0","0","0","0","0","0","0","0","0","0","1","0","0","1","1","0","1","0","0","0","0","0","1","0","1"
"g_amplexifolia_clark_et_al_465","mexico","mexico","g_amplexifolia","big_erect","erect_or_climbing","forest","general_forest","0","0","0","0","0","0","0","1","0","1","0","0","0","1","0","1","0","1","0","0","0","1","1","1","1","0","1","0","0","0","0","0","0","1","0","1","0","1","0","0","0","1","1","1","0","1","0","0","0","1","0","0"
"g_amplexifolia_clark_et_al_474","mexico","mexico","g_amplexifolia","big_erect","erect_or_climbing","forest","general_forest","0","0","0","0","0","0","1","1","0","1","0","0","1","0","1","1","0","1","0","0","0","0","1","1","1","0","1","0","0","0","0","0","1","0","0","0","0","1","0","0","1","0","1","1","0","1","0","0","0","x","x","x"
"g_amplexifolia_curran_362","colombia","andes","g_amplexifolia","big_erect","erect_or_climbing","forest","general_forest","0","0","0","0","0","0","0","0","0","1","0","0","1","1","1","1","0","1","0","0","0","0","1","0","1","0","1","0","0","0","0","0","1","0","0","1","0","1","0","0","0","1","1","1","0","1","0","0","0","x","x","x"
"g_amplexifolia_londono_and_clark_925","mexico","mexico","g_amplexifolia","big_erect","erect_or_climbing","forest","general_forest","0","0","0","0","0","0","1","1","1","0","0","0","1","1","1","1","0","1","0","0","0","0","1","0","1","0","1","0","0","0","0","0","1","0","1","0","0","1","0","0","1","1","1","1","0","1","0","0","0","x","x","x"
"g_amplexifolia_mcclure_21268","venezuela","andes","g_amplexifolia","big_erect","erect_or_climbing","forest","general_forest","0","0","0","0","0","0","1","1","0","1","0","0","0","1","0","1","0","1","0","0","0","0","1","0","1","0","1","0","1","0","0","0","1","0","0","0","0","1","0","0","1","1","0","1","0","1","0","0","0","x","x","x"
"g_amplexifolia_young_204","mexico","mexico","g_amplexifolia","big_erect","erect_or_climbing","forest","general_forest","0","0","0","0","0","0","0","1","0","1","0","0","1","1","1","1","0","0","0","0","0","0","1","0","1","0","1","0","0","0","0","0","0","0","0","0","0","1","0","0","1","1","1","1","0","0","0","0","0","1","1","0"
"g_angustifolia_fosberg_19831","colombia","andes","g_angustifolia","big_erect","erect_or_climbing","forest","general_forest","0","0","0","0","0","0","1","1","1","0","0","0","1","1","1","0","0","0","0","1","1","1","1","1","1","1","0","0","0","0","0","0","x","0","0","0","0","0","0","0","1","1","1","0","0","0","1","1","1","1","1","0"
"g_angustifolia_foster_13140","peru","andes","g_angustifolia","big_erect","erect_or_climbing","forest","general_forest","0","0","0","0","0","0","0","0","0","0","0","0","1","1","0","1","0","1","0","1","0","0","1","1","1","0","0","0","0","0","0","0","x","0","1","0","0","1","0","0","1","1","0","1","0","1","0","0","0","0","1","1"
"g_angustifolia_londono_19","colombia","andes","g_angustifolia","big_erect","erect_or_climbing","forest","general_forest","0","0","0","0","0","0","1","0","0","1","0","0","0","1","1","1","0","0","0","1","0","0","1","1","1","0","0","0","0","0","0","0","x","0","1","0","0","1","0","0","1","1","1","1","0","0","0","0","0","0","1","1"
"g_angustifolia_londono_281","colombia","andes","g_angustifolia","big_erect","erect_or_climbing","forest","general_forest","0","0","0","0","0","0","1","0","0","0","0","0","0","1","1","1","0","1","0","1","0","0","1","1","0","0","0","0","0","0","0","0","x","0","1","0","0","1","0","0","0","1","1","1","0","1","0","0","0","0","1","0"
"g_angustifolia_londono_289","colombia","andes","g_angustifolia","big_erect","erect_or_climbing","forest","general_forest","0","0","0","0","0","0","1","0","0","0","0","0","0","1","1","0","0","0","1","1","1","0","1","1","1","0","0","0","0","0","0","0","x","0","1","0","0","0","0","0","1","1","1","0","0","0","1","1","1","0","1","0"
"g_angustifolia_londono_291","colombia","andes","g_angustifolia","big_erect","erect_or_climbing","forest","general_forest","0","0","0","0","0","0","1","0","0","1","0","0","1","1","0","1","0","1","0","1","0","0","1","1","1","0","0","0","0","0","0","0","x","0","1","0","0","1","0","0","0","1","1","1","0","1","0","0","1","1","1","1"
"g_angustifolia_londono_and_clark_484","colombia","andes","g_angustifolia","big_erect","erect_or_climbing","forest","general_forest","0","0","0","0","0","0","0","0","0","1","0","0","0","1","1","1","0","0","0","1","1","0","1","1","1","0","0","0","0","0","0","0","x","0","0","0","0","1","0","0","0","1","1","1","0","0","0","0","1","1","1","0"
"g_angustifolia_londono_and_clark_931","colombia","andes","g_angustifolia","big_erect","erect_or_climbing","forest","general_forest","0","0","0","0","0","0","1","1","1","0","0","0","0","1","1","1","0","0","0","0","1","1","1","1","1","0","0","0","0","0","0","0","x","0","0","0","0","1","0","0","0","1","1","1","0","0","0","1","0","1","1","0"
"g_angustifolia_londono_and_kvist_817","colombia","andes","g_angustifolia","big_erect","erect_or_climbing","forest","general_forest","0","0","0","0","0","0","1","0","0","1","0","0","1","0","1","1","0","1","0","0","0","0","1","1","1","0","0","0","0","0","0","0","x","0","1","0","1","1","0","0","1","1","1","1","0","0","0","1","0","0","1","1"
"g_angustifolia_londono_et_al_1027","colombia","andes","g_angustifolia","big_erect","erect_or_climbing","forest","general_forest","0","0","0","0","0","0","0","0","0","0","0","0","0","1","1","1","0","1","1","1","1","1","1","1","1","0","0","0","0","0","0","0","x","0","1","0","0","1","0","0","0","1","1","1","0","1","0","1","1","0","1","0"
"g_angustifolia_mcclure_21233","colombia","andes","g_angustifolia","big_erect","erect_or_climbing","forest","general_forest","0","0","0","0","0","0","0","0","0","0","0","0","0","1","1","1","0","1","1","0","0","0","1","0","1","1","0","0","0","0","0","0","x","0","0","0","0","0","0","0","1","1","1","1","0","0","0","0","0","1","1","1"
"g_angustifolia_mcclure_21384","ecuador","andes","g_angustifolia","big_erect","erect_or_climbing","forest","general_forest","0","0","0","0","0","0","0","1","0","1","0","0","0","0","1","1","0","1","0","0","0","0","1","1","1","0","0","0","0","0","0","0","x","0","1","0","0","1","0","0","1","0","1","1","0","1","0","0","0","1","1","0"
"g_angustifolia_young_53","ecuador","andes","g_angustifolia","big_erect","erect_or_climbing","forest","general_forest","0","0","0","0","0","0","1","0","0","0","0","0","0","1","1","1","0","0","0","0","0","1","1","1","1","0","0","0","0","0","0","0","x","0","0","0","0","1","0","0","0","1","1","1","0","0","0","1","1","1","1","0"
"g_angustifolia_young_84","ecuador","andes","g_angustifolia","big_erect","erect_or_climbing","forest","general_forest","0","0","0","0","0","0","0","0","0","1","0","0","0","1","1","1","0","1","0","0","0","0","1","0","1","1","0","0","0","0","0","0","x","0","0","0","0","0","0","0","1","1","1","1","0","0","0","0","0","1","1","0"
"g_calderoniana_calderon_and_santos_2476","brazil","eastern_south_america","g_calderoniana","leaning_climbing","erect_or_climbing","forest","general_forest","0","0","0","0","0","0","1","1","0","1","0","0","0","1","0","1","0","1","0","0","0","0","1","0","1","1","0","0","0","0","0","0","x","0","0","1","0","1","0","0","1","1","0","1","0","0","0","0","0","0","0","1"
"g_calderoniana_calderon_et_al_2386","brazil","eastern_south_america","g_calderoniana","leaning_climbing","erect_or_climbing","forest","general_forest","0","0","0","0","0","0","1","1","0","1","0","0","0","1","0","1","0","1","0","0","0","0","1","0","1","1","0","0","0","0","0","0","x","0","1","1","0","1","0","0","1","1","0","1","0","0","0","0","0","0","1","0"
"g_calderoniana_londono_and_soderstrom_744","brazil","eastern_south_america","g_calderoniana","leaning_climbing","erect_or_climbing","forest","general_forest","0","0","0","0","0","0","1","1","0","1","0","0","1","1","0","1","0","1","0","0","0","0","1","1","1","1","0","0","0","0","0","0","x","0","1","0","0","1","0","0","1","1","0","1","0","1","0","0","0","0","0","1"
"g_calderoniana_santos_3910","brazil","eastern_south_america","g_calderoniana","leaning_climbing","erect_or_climbing","forest","general_forest","0","0","0","0","0","0","1","1","1","0","0","1","0","0","0","1","1","1","0","0","0","0","1","1","1","1","0","0","0","0","0","0","x","0","1","1","0","1","0","0","0","0","0","1","1","1","0","0","0","1","0","0"
"g_calderoniana_zuloaga_et_al_2441","brazil","eastern_south_america","g_calderoniana","leaning_climbing","erect_or_climbing","forest","general_forest","1","1","0","0","0","0","1","1","0","1","0","0","0","1","0","1","0","1","0","0","0","0","1","1","1","1","0","0","0","0","0","0","x","0","0","0","0","1","0","0","0","1","0","1","0","0","0","0","0","1","0","0"
"g_chacoensis_davidse_et_al_11233","brazil","eastern_south_america","g_chacoensis","big_erect","erect_or_climbing","forest","general_forest","0","0","0","0","0","0","1","1","0","1","0","0","0","1","1","1","0","1","0","0","0","0","1","1","1","0","0","0","0","0","0","0","x","0","0","1","0","1","0","0","0","1","1","1","0","1","0","0","0","1","1","1"
"g_chacoensis_killeen_2302","bolivia","eastern_south_america","g_chacoensis","big_erect","erect_or_climbing","forest","general_forest","0","0","0","0","0","0","1","0","0","1","0","0","1","1","0","1","0","1","0","0","0","0","1","1","1","0","0","0","0","0","0","0","x","0","1","1","0","1","0","0","0","1","0","1","0","1","0","0","0","0","1","0"
"g_chacoensis_kraporideas_et_al_23851","argentina","eastern_south_america","g_chacoensis","big_erect","erect_or_climbing","forest","general_forest","0","0","0","0","0","0","1","1","0","1","0","0","0","1","1","1","0","1","0","0","0","0","1","0","1","0","0","0","0","0","0","0","x","0","1","1","0","1","0","0","1","1","0","1","0","1","0","0","0","0","1","1"
"g_chacoensis_kraporideas_et_al_25470","argentina","eastern_south_america","g_chacoensis","big_erect","erect_or_climbing","forest","general_forest","0","0","0","0","0","0","0","0","0","1","0","0","1","1","0","1","0","1","0","0","0","0","1","0","1","0","0","0","0","0","0","0","x","0","1","0","0","1","0","0","1","1","0","1","0","1","1","0","0","1","1","0"
"g_chacoensis_londono_and_clark_697","brazil","eastern_south_america","g_chacoensis","big_erect","erect_or_climbing","forest","general_forest","0","0","0","0","0","0","0","1","0","1","0","0","1","1","0","1","0","1","1","0","0","0","1","0","1","0","0","0","0","0","0","0","x","0","0","0","0","1","0","0","1","1","0","1","0","1","0","0","0","1","1","0"
"g_ciliata_calderon_et_al_2910","brazil","eastern_south_america","g_ciliata","leaning_climbing","erect_or_climbing","river","general_forest","1","0","0","0","0","0","1","1","0","1","0","0","0","0","0","1","0","0","0","0","0","0","1","1","1","1","1","0","0","0","1","0","1","0","1","0","0","1","0","0","0","0","0","1","0","0","0","0","0","x","x","x"
"g_ciliata_davidse_et_al_16924","venezuela","eastern_south_america","g_ciliata","leaning_climbing","erect_or_climbing","river","general_forest","1","0","0","0","0","0","1","1","0","1","0","0","0","0","0","1","0","1","0","0","0","0","1","0","1","0","1","0","0","0","0","0","x","0","0","0","0","1","0","0","0","0","0","1","0","0","0","0","0","x","x","x"
"g_ciliata_davidse_et_al_17318","venezuela","eastern_south_america","g_ciliata","leaning_climbing","erect_or_climbing","river","general_forest","1","0","0","0","0","0","1","1","1","1","0","0","0","0","0","1","0","1","0","0","0","0","1","0","1","1","1","0","0","0","0","0","1","0","1","0","0","1","0","0","1","0","0","1","0","1","0","0","0","x","x","x"
"g_ciliata_kubitzki_et_al_79_135","brazil","eastern_south_america","g_ciliata","leaning_climbing","erect_or_climbing","river","general_forest","1","0","0","0","0","0","1","1","1","1","0","0","0","0","0","1","0","1","0","0","0","0","1","0","1","0","1","0","0","0","0","0","1","0","1","0","0","1","0","0","0","0","0","1","0","0","1","0","0","x","x","x"
"g_ciliata_kubitzki_et_al_79_243","brazil","eastern_south_america","g_ciliata","leaning_climbing","erect_or_climbing","river","general_forest","1","0","0","0","0","0","1","1","0","1","0","0","0","0","0","1","0","1","0","0","0","0","1","1","1","0","1","0","1","0","0","0","1","0","0","0","0","1","0","0","0","0","0","1","0","0","0","0","0","x","x","x"
"g_ciliata_liesner_3977","venezuela","eastern_south_america","g_ciliata","leaning_climbing","erect_or_climbing","river","general_forest","0","0","0","0","0","0","1","1","0","1","0","1","0","0","0","1","0","1","0","0","0","0","1","1","1","0","1","0","0","0","0","0","1","0","0","0","0","1","0","0","1","0","0","1","0","1","0","0","0","x","x","x"
"g_glomerata_hitchcock_17331","guyana","eastern_south_america","g_glomerata","leaning_climbing","erect_or_climbing","river","general_forest","0","0","0","0","0","0","1","0","0","1","0","0","0","0","0","1","0","1","0","0","0","0","0","1","1","1","0","0","0","0","0","0","x","0","0","0","0","1","0","0","0","0","0","1","0","1","0","0","0","0","0","1"
"g_glomerata_huber_and_tillett_6389","venezuela","eastern_south_america","g_glomerata","leaning_climbing","erect_or_climbing","river","general_forest","1","0","0","0","0","0","1","1","0","1","0","0","1","0","0","1","1","1","0","0","0","0","1","1","1","1","1","0","1","0","0","0","1","0","0","0","0","1","0","0","0","1","0","1","0","1","0","0","0","x","x","x"
"g_glomerata_jenman_6352","guyana","eastern_south_america","g_glomerata","leaning_climbing","erect_or_climbing","river","general_forest","0","0","0","0","0","0","1","1","0","1","0","0","0","0","0","1","0","1","0","0","0","0","0","1","1","0","0","0","0","0","0","0","x","0","0","0","0","1","0","0","1","0","0","1","0","0","0","0","0","0","0","1"
"g_glomerata_londono_and_guedes_751","brazil","eastern_south_america","g_glomerata","leaning_climbing","erect_or_climbing","river","general_forest","0","0","0","0","0","0","1","1","0","1","0","1","1","0","1","0","0","1","0","0","0","0","1","1","1","1","0","0","0","0","0","0","x","0","0","0","0","1","0","0","1","1","0","1","0","1","0","0","0","0","0","1"
"g_glomerata_revilla_3580","peru","andes","g_glomerata","leaning_climbing","erect_or_climbing","river","general_forest","0","0","0","0","0","0","1","1","0","1","0","1","0","0","0","1","0","1","0","0","0","0","1","1","1","1","0","0","0","0","0","0","x","0","0","0","0","1","0","0","1","0","0","1","0","0","0","0","0","1","1","1"
"g_glomerata_rimachi_11035","peru","andes","g_glomerata","leaning_climbing","erect_or_climbing","river","general_forest","0","0","0","0","0","0","1","1","1","1","0","0","1","0","0","1","0","1","0","0","0","0","1","1","1","1","0","0","0","0","0","0","x","0","1","0","1","1","0","0","1","1","0","1","0","1","0","0","0","0","1","0"
"g_incana_londono_973","colombia","andes","g_incana","big_erect","erect_or_climbing","forest","general_forest","0","0","0","0","0","0","1","1","0","0","0","0","0","1","1","0","0","1","0","1","0","0","1","1","1","0","0","0","0","0","0","0","x","0","1","0","0","1","0","0","0","1","1","1","0","0","0","0","0","1","1","1"
"g_latifolia_davidse_27872","venezuela","eastern_south_america","g_latifolia","big_erect","erect_or_climbing","river","general_forest","0","0","0","0","0","0","1","1","1","1","0","0","1","1","0","1","0","1","0","0","0","0","1","1","1","1","0","0","0","0","0","0","x","0","0","0","0","1","0","0","0","1","1","1","0","1","0","0","0","1","1","0"
"g_latifolia_davidse_and_miller_26893","venezuela","eastern_south_america","g_latifolia","big_erect","erect_or_climbing","river","general_forest","0","0","0","0","0","0","0","1","1","1","0","0","1","1","0","1","0","1","1","1","0","0","1","1","1","1","0","0","0","0","0","0","x","0","0","0","0","1","0","0","1","1","1","1","0","1","1","1","0","0","1","0"
"g_latifolia_liesner_16183","venezuela","eastern_south_america","g_latifolia","big_erect","erect_or_climbing","river","general_forest","0","0","0","0","0","0","1","1","1","1","0","0","1","1","0","0","0","1","0","1","0","0","1","1","1","1","0","0","0","0","0","0","x","0","0","0","0","1","0","0","1","1","1","1","0","1","0","1","0","0","1","0"
"g_longifolia_chazaro_and_gallegos_mch_2787","mexico","mexico","g_longifolia","small_arching","small_arching","river","general_forest","0","0","0","0","0","0","1","1","1","1","0","0","1","1","0","1","0","1","1","0","0","1","1","0","1","0","1","0","0","0","0","0","1","0","1","1","1","1","0","0","1","1","0","1","0","1","0","0","0","1","1","0"
"g_longifolia_clark_et_al_1151","mexico","mexico","g_longifolia","small_arching","small_arching","river","general_forest","0","0","0","0","0","0","1","1","0","0","0","1","1","1","0","0","0","1","0","0","0","1","1","1","1","0","1","0","1","0","0","0","1","0","1","1","1","0","0","1","1","1","0","0","0","1","0","0","0","x","x","x"
"g_longifolia_clark_et_al_1314","mexico","mexico","g_longifolia","small_arching","small_arching","river","general_forest","0","0","0","0","0","0","1","1","0","1","0","1","1","1","0","1","1","1","1","0","0","1","1","1","1","0","1","1","1","0","0","0","1","1","1","1","0","1","0","0","1","1","1","1","0","1","0","0","0","x","x","x"
"g_longifolia_longauriculata_clark_and_tenorio_945","mexico","mexico","g_longifolia","small_arching","small_arching","river","general_forest","0","0","0","0","0","0","1","1","0","1","0","1","0","1","0","0","0","1","0","0","0","0","1","1","1","0","1","0","0","0","0","0","1","1","1","1","1","1","0","0","1","1","0","1","0","0","0","0","0","x","x","x"
"g_longifolia_longauriculata_ilitis_and_vasquez_29146","mexico","mexico","g_longifolia","small_arching","small_arching","river","general_forest","0","0","0","0","0","0","1","1","0","1","0","1","1","1","0","0","0","1","1","0","0","1","1","0","1","0","1","0","0","0","0","0","1","0","1","1","1","1","0","0","1","1","0","1","1","1","0","0","0","x","x","x"
"g_longifolia_lundell_3870","belize","central_america","g_longifolia","small_arching","small_arching","river","general_forest","0","0","0","0","0","0","1","1","0","1","0","1","0","1","0","1","1","1","0","0","0","1","0","0","1","0","1","1","1","1","0","0","1","0","1","1","1","1","0","0","1","1","0","1","1","1","0","0","0","x","x","x"
"g_longifolia_matuda_3454","mexico","mexico","g_longifolia","small_arching","small_arching","river","general_forest","0","0","0","0","0","0","1","1","0","1","0","1","1","0","0","0","0","1","0","0","0","0","1","0","1","0","1","1","1","0","0","0","1","0","1","1","1","1","0","0","1","0","0","1","0","1","0","0","0","x","x","x"
"g_longifolia_mcclure_21676","guatemala","central_america","g_longifolia","small_arching","small_arching","river","general_forest","0","0","0","0","0","0","1","1","0","0","0","1","1","1","0","0","0","1","0","0","0","1","0","1","1","0","1","0","1","0","0","0","1","0","1","1","1","0","0","0","1","1","0","0","1","1","0","0","0","x","x","x"
"g_longifolia_spinosa_cowan_et_al_5123","belize","central_america","g_longifolia","small_arching","small_arching","river","general_forest","0","0","0","0","0","0","1","1","1","1","0","0","1","1","0","1","0","1","0","0","0","1","1","0","1","0","1","1","1","0","0","0","1","1","1","1","1","1","0","0","1","0","0","1","0","1","0","0","0","x","x","x"
"g_maclurei_judziewicz_4438","panama","central_america","g_maclurei","small_arching","small_arching","forest","general_forest","0","0","0","0","0","0","0","1","0","1","0","0","0","1","1","1","0","0","0","0","0","0","1","1","1","1","0","0","0","0","0","0","x","0","0","0","0","1","0","0","1","1","1","1","0","0","0","0","0","0","1","1"
"g_maclurei_mcclure_21476","nicaragua","central_america","g_maclurei","small_arching","small_arching","forest","general_forest","0","0","0","0","0","0","0","0","0","0","0","0","0","1","1","0","0","0","0","1","1","0","1","0","0","x","0","0","0","0","0","0","x","0","0","0","0","0","0","0","0","1","1","1","0","0","0","1","0","x","x","x"
"g_maclurei_pohl_and_calderon_10103","costa rica","central_america","g_maclurei","small_arching","small_arching","forest","general_forest","0","0","0","0","0","0","0","1","0","0","0","0","0","0","1","1","0","0","0","1","0","0","1","1","0","x","0","0","0","0","0","0","x","0","0","0","0","1","0","0","0","1","1","1","0","0","0","1","0","x","x","x"
"g_maclurei_pohl_and_clark_13930","costa rica","central_america","g_maclurei","small_arching","small_arching","forest","general_forest","0","0","0","0","0","0","0","1","0","1","0","0","1","1","1","1","0","0","1","1","1","0","1","0","1","1","0","0","0","0","0","0","x","0","0","1","0","1","0","0","0","1","0","1","0","1","0","0","0","0","1","1"
"g_maclurei_pohl_and_erikson_12700","nicaragua","central_america","g_maclurei","small_arching","small_arching","forest","general_forest","0","1","0","0","0","0","1","1","0","1","0","0","0","1","0","1","1","1","0","0","0","1","1","1","1","0","1","0","1","0","0","0","1","1","0","1","0","1","0","0","0","1","0","1","0","1","0","0","0","x","x","x"
"g_maclurei_stevens_and_montiel_20574","nicaragua","central_america","g_maclurei","small_arching","small_arching","forest","general_forest","0","0","0","0","0","0","1","1","0","0","0","0","1","1","0","0","0","1","0","0","0","0","1","1","1","0","0","0","0","0","0","0","x","0","0","0","0","1","0","0","1","1","1","1","0","1","0","0","0","1","1","0"
"g_macrospiculata_gentry_et_al_21236","peru","andes","g_macrospiculata","leaning_climbing","erect_or_climbing","river","general_forest","0","0","0","0","0","0","1","1","1","1","0","1","0","1","0","1","0","1","0","0","0","0","1","1","1","1","0","0","0","0","0","0","x","0","1","0","1","1","0","0","1","1","0","1","0","0","0","0","0","0","1","0"
"g_macrospiculata_gentry_et_al_26213","peru","andes","g_macrospiculata","leaning_climbing","erect_or_climbing","river","general_forest","0","0","0","0","0","0","1","1","1","1","0","0","1","1","1","1","0","1","1","0","0","0","1","1","1","1","0","0","0","0","0","0","x","0","1","1","1","1","0","0","1","1","1","1","0","1","0","0","0","0","1","0"
"g_macrospiculata_londono_and_kobayashi_537","colombia","andes","g_macrospiculata","leaning_climbing","erect_or_climbing","river","general_forest","0","0","0","0","0","0","1","0","1","1","0","0","1","1","0","1","0","1","0","0","0","0","1","1","1","1","0","0","0","0","0","0","x","0","1","0","0","1","0","0","1","0","0","1","0","0","0","0","0","0","1","1"
"g_macrospiculata_londono_and_kobayashi_563","colombia","andes","g_macrospiculata","leaning_climbing","erect_or_climbing","river","general_forest","0","0","0","0","0","0","1","1","1","1","0","1","1","1","0","0","0","1","0","0","0","0","1","1","1","1","0","0","0","0","0","0","x","0","1","0","1","1","0","0","0","1","0","1","0","1","0","0","0","0","1","0"
"g_macrospiculata_londono_and_kobayashi_569","colombia","andes","g_macrospiculata","leaning_climbing","erect_or_climbing","river","general_forest","0","0","0","0","0","0","1","1","1","1","0","0","1","0","0","1","0","1","0","0","0","0","1","1","1","0","0","0","0","0","0","0","x","0","0","0","0","1","0","0","1","1","1","1","0","0","0","0","0","0","1","1"
"g_macrostachya_londono_and_rosa_745","brazil","eastern_south_america","g_macrostachya","big_erect","erect_or_climbing","forest","general_forest","0","0","0","0","0","0","1","1","0","0","0","0","1","1","1","0","0","1","1","1","1","0","1","1","1","0","1","0","0","0","0","0","1","0","1","0","1","1","0","0","1","1","0","1","0","1","1","1","1","x","x","x"
"g_macrostachya_londono_and_rosa_748","brazil","eastern_south_america","g_macrostachya","big_erect","erect_or_climbing","forest","general_forest","0","0","0","0","0","0","1","0","0","1","0","0","1","1","1","1","0","1","1","1","0","0","1","1","1","0","1","0","0","0","0","0","1","0","0","0","0","1","0","0","1","1","0","1","0","1","1","0","0","x","x","x"
"g_macrostachya_sauvain_709","suriname","eastern_south_america","g_macrostachya","big_erect","erect_or_climbing","forest","general_forest","0","0","0","0","0","0","1","1","1","1","0","0","0","1","0","1","0","1","0","0","0","0","1","1","1","0","0","0","0","0","0","0","x","0","0","0","0","1","0","0","0","1","1","1","0","0","0","0","0","0","1","0"
"g_paniculata_calderon_and_soderstrom_2306","brazil","eastern_south_america","g_paniculata","small_arching","small_arching","savanna","savanna","1","1","1","1","1","1","1","1","1","0","0","0","1","1","0","0","1","1","0","0","0","0","1","1","1","0","1","1","0","1","0","1","1","1","1","1","1","1","0","0","0","1","0","0","1","1","0","0","0","x","x","x"
"g_paniculata_clark_464","mexico","mexico","g_paniculata","small_arching","small_arching","savanna","savanna","1","1","1","0","0","0","0","0","0","0","0","1","1","1","0","0","1","0","0","0","0","0","1","1","1","0","1","1","1","0","0","1","1","1","0","0","0","0","0","1","1","1","0","0","1","0","0","0","0","x","x","x"
"g_paniculata_clark_and_morel_757","brazil","eastern_south_america","g_paniculata","small_arching","small_arching","savanna","savanna","1","1","1","1","1","1","1","1","0","0","0","0","1","1","0","0","1","1","0","0","0","0","1","1","1","0","1","1","1","1","1","1","1","1","1","1","0","0","0","1","0","1","0","0","1","1","0","0","0","x","x","x"
"g_paniculata_clark_and_windisch_754","brazil","eastern_south_america","g_paniculata","small_arching","small_arching","savanna","savanna","1","1","1","1","1","1","1","1","1","0","0","0","1","1","0","0","1","1","0","0","0","0","1","1","1","0","1","1","1","1","0","1","1","1","0","1","1","0","0","0","1","1","0","0","1","1","0","0","0","x","x","x"
"g_paniculata_croat_and_hannon_63852","honduras","central_america","g_paniculata","small_arching","small_arching","savanna","savanna","1","1","1","1","1","1","1","1","0","0","0","1","1","1","0","0","1","1","0","0","0","0","1","1","1","0","1","1","1","1","1","1","1","1","0","1","1","0","0","0","1","1","0","0","1","1","0","0","0","x","x","x"
"g_paniculata_filgueiras_et_al_3378","brazil","eastern_south_america","g_paniculata","small_arching","small_arching","savanna","savanna","1","1","1","1","1","1","1","1","1","0","0","0","1","1","0","0","1","1","0","0","0","1","1","1","1","0","1","1","1","1","1","1","1","1","1","1","1","0","0","0","1","1","0","0","1","1","0","0","0","x","x","x"
"g_paniculata_hatschbach_and_cervi_52445","brazil","eastern_south_america","g_paniculata","small_arching","small_arching","savanna","savanna","1","1","1","1","1","1","1","1","1","0","0","0","1","0","0","0","1","1","0","0","0","0","1","1","1","0","1","1","1","0","1","1","1","1","1","1","1","0","0","0","1","0","0","0","1","1","0","0","0","x","x","x"
"g_paniculata_ilitis_et_al_30569","venezuela","eastern_south_america","g_paniculata","small_arching","small_arching","savanna","savanna","1","1","1","1","1","1","1","1","1","1","0","1","1","0","0","0","1","1","0","0","0","1","1","1","1","0","1","1","1","1","0","1","1","1","1","1","1","0","0","0","1","1","0","0","1","1","0","0","0","x","x","x"
"g_paniculata_irwin_and_soderstrom_5696","brazil","eastern_south_america","g_paniculata","small_arching","small_arching","savanna","savanna","1","1","1","1","1","1","1","1","1","1","0","1","1","1","0","0","1","1","0","0","0","0","1","0","1","0","1","1","1","1","1","0","1","1","1","0","0","0","0","1","1","1","0","0","1","0","0","0","0","x","x","x"
"g_paniculata_irwin_and_soderstrom_6331","brazil","eastern_south_america","g_paniculata","small_arching","small_arching","savanna","savanna","1","1","1","1","1","1","1","1","1","1","0","1","1","1","0","1","1","1","0","0","0","1","1","0","1","0","1","1","1","1","1","1","1","1","1","1","1","0","0","1","1","1","0","0","1","1","0","0","0","x","x","x"
"g_paniculata_killeen_2763","bolivia","eastern_south_america","g_paniculata","small_arching","small_arching","savanna","savanna","1","1","1","1","1","1","1","1","1","0","0","1","1","1","0","0","1","0","0","0","0","1","1","1","1","0","1","1","1","1","1","1","1","1","1","1","1","0","0","1","0","1","0","0","1","0","0","0","0","x","x","x"
"g_paniculata_killeen_2807","bolivia","eastern_south_america","g_paniculata","small_arching","small_arching","savanna","savanna","1","1","1","1","1","1","1","1","1","0","0","0","1","1","0","0","1","1","0","0","0","0","1","1","1","0","1","1","1","1","1","1","1","1","1","1","1","0","0","0","1","1","0","0","1","1","0","0","0","x","x","x"
"g_paniculata_liebmann_130","mexico","mexico","g_paniculata","small_arching","small_arching","savanna","savanna","1","1","1","1","1","1","1","1","1","0","0","1","1","1","0","0","1","1","0","0","0","1","1","0","1","0","1","1","1","1","0","0","1","1","1","1","0","0","0","0","1","1","0","0","1","0","0","0","0","x","x","x"
"g_paniculata_mcclure_21251","venezuela","eastern_south_america","g_paniculata","small_arching","small_arching","savanna","savanna","1","1","1","1","1","1","1","1","1","0","0","1","1","1","0","0","1","1","0","0","0","0","1","0","1","0","1","1","1","0","0","0","1","1","1","1","1","0","0","1","1","1","0","1","1","1","0","0","0","x","x","x"
"g_paniculata_pohl_and_clark_13917","costa rica","central_america","g_paniculata","small_arching","small_arching","savanna","savanna","1","1","1","1","1","1","1","1","0","0","0","0","1","1","0","0","1","1","0","0","0","0","1","1","1","0","1","1","1","1","0","0","1","1","1","1","0","0","0","0","1","1","0","0","1","0","0","0","0","x","x","x"
"g_paniculata_pohl_and_gabel_13584","el salvador","central_america","g_paniculata","small_arching","small_arching","savanna","savanna","1","1","1","1","1","1","1","1","0","0","0","1","1","1","0","0","1","1","0","0","0","0","1","1","1","0","1","1","1","1","0","0","1","1","0","1","0","0","0","1","1","1","0","0","1","0","0","0","0","x","x","x"
"g_paniculata_pohl_and_gabel_13838","honduras","central_america","g_paniculata","small_arching","small_arching","savanna","savanna","1","1","1","1","1","1","1","1","0","0","0","0","1","1","0","0","1","1","0","0","0","0","1","0","1","0","1","1","1","1","1","1","1","1","0","1","0","0","0","0","1","1","0","0","1","0","0","0","0","x","x","x"
"g_paniculata_pohl_and_pinette_13239","costa rica","central_america","g_paniculata","small_arching","small_arching","savanna","savanna","1","1","1","1","1","1","1","1","1","0","0","0","1","1","0","1","1","1","0","0","0","1","1","1","1","0","1","1","1","1","0","0","1","1","1","1","0","0","0","1","0","1","0","0","1","1","0","0","0","x","x","x"
"g_paniculata_weatherwax_155","guatemala","central_america","g_paniculata","small_arching","small_arching","savanna","savanna","1","1","0","1","1","1","1","1","0","0","0","0","1","1","0","0","0","1","0","0","0","0","1","1","1","0","1","1","1","1","0","1","1","1","0","1","1","0","0","0","1","1","0","0","1","1","0","0","0","x","x","x"
"g_paraguayana_calderon_and_soderstrom_2355","brazil","eastern_south_america","g_paraguayana","big_erect","erect_or_climbing","forest","general_forest","1","1","0","0","0","0","1","1","1","0","0","1","1","1","0","0","0","1","0","0","0","0","1","0","1","0","1","0","0","0","0","0","1","0","0","0","0","1","0","1","1","1","1","1","0","1","0","0","0","x","x","x"
"g_paraguayana_killeen_2626","bolivia","eastern_south_america","g_paraguayana","big_erect","erect_or_climbing","forest","general_forest","0","0","0","0","0","0","0","0","0","1","0","0","0","1","1","1","0","1","0","1","1","0","1","1","1","1","0","0","0","0","0","0","x","0","1","0","0","1","0","0","1","1","1","0","1","1","0","0","0","0","1","1"
"g_paraguayana_killeen_2764","bolivia","eastern_south_america","g_paraguayana","big_erect","erect_or_climbing","forest","general_forest","0","0","0","0","0","0","0","0","0","1","0","0","0","1","1","1","0","1","0","1","1","0","1","1","1","1","0","0","0","0","0","0","x","0","0","0","0","1","0","0","1","1","0","1","0","0","0","0","0","0","1","0"
"g_paraguayana_quarin_3318","argentina","eastern_south_america","g_paraguayana","big_erect","erect_or_climbing","forest","general_forest","0","1","0","0","0","0","1","0","0","1","0","0","0","1","1","1","0","0","0","1","0","0","1","1","1","0","1","0","0","0","0","0","1","0","0","0","0","1","0","0","1","1","0","1","0","1","0","0","0","x","x","x"
"g_sarcocarpa_reategui_sn","peru","andes","g_sarcocarpa","leaning_climbing","erect_or_climbing","forest","general_forest","0","1","1","0","1","0","1","1","0","1","0","0","0","0","0","1","0","1","0","0","0","0","1","0","1","1","0","0","0","0","0","0","x","0","0","1","0","1","0","0","0","1","0","1","0","1","0","0","0","0","1","0"
"g_superba_calderon_and_soderstrom_2340","brazil","eastern_south_america","g_superba","big_erect","erect_or_climbing","river","general_forest","1","1","0","0","0","0","0","0","1","1","0","1","0","1","1","1","0","1","0","0","0","1","1","0","1","0","1","0","0","0","0","0","1","0","1","0","0","1","0","0","0","1","0","0","0","1","0","0","0","x","x","x"
"g_superba_londono_and_guedes_760","brazil","eastern_south_america","g_superba","big_erect","erect_or_climbing","river","general_forest","1","1","0","0","0","0","1","0","1","1","0","0","0","0","0","1","0","1","0","0","0","0","1","1","1","0","1","0","0","0","0","0","1","0","0","0","0","1","0","0","1","1","0","1","0","0","0","0","1","x","x","x"
"g_superba_plowman_7313","peru","andes","g_superba","big_erect","erect_or_climbing","river","general_forest","1","1","0","0","0","0","1","0","0","1","0","0","0","1","0","1","0","1","0","0","0","1","1","0","1","0","1","0","1","0","0","0","1","0","1","0","0","1","0","0","0","1","0","1","0","0","0","0","0","x","x","x"
"g_superba_revilla_2294","peru","andes","g_superba","big_erect","erect_or_climbing","river","general_forest","1","1","0","0","0","0","1","0","1","1","0","0","0","0","0","1","0","1","0","0","0","0","1","0","1","0","1","0","1","0","0","0","1","0","1","0","1","1","0","0","1","1","1","1","0","1","0","0","0","x","x","x"
"g_superba_soderstrom_1422","colombia","andes","g_superba","big_erect","erect_or_climbing","river","general_forest","1","1","1","0","0","0","1","0","0","1","0","1","0","0","0","1","0","1","0","0","0","0","1","0","1","0","1","0","0","0","0","0","1","0","1","0","0","1","0","0","1","1","0","1","0","1","0","0","0","x","x","x"
"g_superba_vasquez_740","peru","andes","g_superba","big_erect","erect_or_climbing","river","general_forest","1","1","1","0","0","0","1","0","1","1","0","0","1","0","0","1","0","1","0","0","0","1","1","0","1","0","1","0","0","0","0","0","1","0","1","0","0","1","0","0","1","1","0","1","0","0","0","0","0","x","x","x"
"g_tagoara_clark_and_morel_815","brazil","eastern_south_america","g_tagoara","leaning_climbing","erect_or_climbing","forest","general_forest","0","0","0","0","0","0","0","1","0","1","0","0","1","1","0","0","0","1","0","1","0","1","1","1","1","1","0","0","0","0","0","0","x","0","1","1","0","1","0","0","1","1","0","1","0","0","1","1","0","0","1","1"
"g_tagoara_clark_and_windisch_648","brazil","eastern_south_america","g_tagoara","leaning_climbing","erect_or_climbing","forest","general_forest","0","0","0","0","0","0","0","0","0","1","0","0","1","0","0","1","0","1","0","0","0","0","1","0","0","x","0","0","0","0","0","0","x","0","1","0","0","1","0","0","0","1","0","1","0","1","0","0","0","x","x","x"
"g_tagoara_clark_et_al_670","brazil","eastern_south_america","g_tagoara","leaning_climbing","erect_or_climbing","forest","general_forest","0","0","0","0","0","0","0","0","0","1","0","0","0","1","1","1","0","1","0","1","0","0","1","1","1","1","0","0","0","0","0","0","x","0","1","0","0","1","0","0","0","1","0","1","0","0","0","1","0","0","1","0"
"g_tagoara_davidse_et_al_11420","brazil","eastern_south_america","g_tagoara","leaning_climbing","erect_or_climbing","forest","general_forest","0","0","0","0","0","0","0","0","0","0","0","0","1","1","0","1","0","1","1","1","0","0","1","0","0","x","0","0","0","0","0","0","x","0","1","0","0","0","0","0","1","0","0","0","0","1","0","0","0","x","x","x"
"g_tagoara_hatschbach_33640","brazil","eastern_south_america","g_tagoara","leaning_climbing","erect_or_climbing","forest","general_forest","0","0","0","0","0","0","0","1","1","1","0","1","1","1","0","1","0","1","1","0","0","1","1","0","1","1","0","0","0","0","0","0","x","0","1","0","0","1","0","0","1","1","0","1","0","0","1","1","0","0","1","0"
"g_tagoara_mcclure_21285","brazil","eastern_south_america","g_tagoara","leaning_climbing","erect_or_climbing","forest","general_forest","0","0","0","0","0","0","0","0","0","1","0","0","0","1","0","1","0","1","1","0","0","1","1","0","1","1","0","0","0","0","0","0","x","0","1","0","0","1","0","0","1","1","1","1","0","1","0","1","0","0","1","0"
"g_trinii_clark_and_olveira_913","brazil","eastern_south_america","g_trinii","small_arching","small_arching","forest","general_forest","0","0","0","0","0","0","1","1","0","1","0","1","0","1","0","1","0","1","0","0","0","0","1","1","1","0","0","0","0","0","0","0","x","0","0","1","1","1","0","1","0","1","0","1","0","1","0","1","0","0","1","0"
"g_trinii_clark_and_olveira_914","brazil","eastern_south_america","g_trinii","small_arching","small_arching","forest","general_forest","0","0","0","0","0","0","1","1","1","1","0","0","1","1","0","1","0","1","0","1","0","1","1","0","1","1","0","0","0","0","0","0","x","0","1","0","1","1","0","0","1","1","1","1","0","1","0","1","0","1","1","0"
"g_trinii_hatschbach_and_cervi_53238","brazil","eastern_south_america","g_trinii","small_arching","small_arching","forest","general_forest","0","0","0","0","0","0","1","1","1","0","0","1","1","1","0","0","0","1","0","0","0","0","1","0","1","1","0","0","0","0","0","0","x","0","1","1","1","1","0","1","1","1","0","1","0","1","0","1","0","0","1","0"
"g_trinii_londono_and_clark_699","brazil","eastern_south_america","g_trinii","small_arching","small_arching","forest","general_forest","0","0","0","0","0","0","1","1","0","0","0","1","1","1","0","0","0","1","0","0","0","0","1","1","0","x","0","0","0","0","0","0","x","0","0","0","0","1","0","1","1","1","0","0","0","1","0","1","0","x","x","x"
"g_trinii_londono_and_clark_701","brazil","eastern_south_america","g_trinii","small_arching","small_arching","forest","general_forest","0","0","0","0","0","0","1","1","1","0","0","0","1","1","0","1","0","1","0","0","0","0","1","0","0","x","0","0","0","0","0","0","x","0","1","0","1","1","0","0","0","1","0","1","0","1","0","1","0","x","x","x"
"g_trinii_londono_and_clark_702","brazil","eastern_south_america","g_trinii","small_arching","small_arching","forest","general_forest","0","0","0","0","0","0","1","1","0","0","0","0","1","1","0","0","0","1","0","0","0","0","1","1","1","1","0","0","0","0","0","0","x","0","0","1","0","0","0","0","1","1","0","0","0","1","0","1","0","0","1","0"
"g_trinii_smith_et_al_9289","brazil","eastern_south_america","g_trinii","small_arching","small_arching","forest","general_forest","0","0","0","0","0","0","1","1","1","1","0","0","1","1","0","1","0","1","0","1","0","0","1","0","1","1","0","0","0","0","0","0","x","0","1","0","0","1","0","0","1","1","0","1","0","1","0","0","0","0","1","0"
"g_trinii_tressens_et_al_2094","argentina","eastern_south_america","g_trinii","small_arching","small_arching","forest","general_forest","0","0","0","0","0","0","1","1","0","0","0","1","0","1","0","1","1","1","0","1","0","0","1","0","0","x","0","0","0","0","0","0","x","0","1","0","0","1","0","0","1","1","1","1","0","1","0","0","0","x","x","x"
"g_uncinata_londono_and_quintero_109","colombia","andes","g_uncinata","big_erect","erect_or_climbing","forest","general_forest","0","0","0","0","0","0","1","1","1","1","0","0","0","1","0","1","0","1","0","0","0","1","1","0","1","0","0","0","0","0","0","0","x","0","0","0","0","1","0","0","1","1","1","1","0","1","0","1","1","1","1","0"
"g_uncinata_mcclure_21362","ecuador","andes","g_uncinata","big_erect","erect_or_climbing","forest","general_forest","0","0","0","0","0","0","0","1","0","1","0","0","0","1","1","1","0","0","1","1","0","1","1","0","1","1","0","0","0","0","0","0","x","0","0","1","0","1","0","0","1","1","1","1","0","0","1","1","1","1","1","0"
"g_uncinata_mcclure_21364","ecuador","andes","g_uncinata","big_erect","erect_or_climbing","forest","general_forest","0","0","0","0","0","0","1","0","0","1","0","0","0","1","1","1","0","0","0","1","0","0","1","0","1","0","0","0","0","0","0","0","x","0","1","0","0","1","0","0","0","1","1","1","0","1","0","0","0","0","1","0"
"g_velutina_clark_and_tenorio_944","mexico","mexico","g_velutina","big_erect","erect_or_climbing","forest","general_forest","0","1","0","0","0","0","1","1","0","1","0","0","0","1","0","1","0","1","0","0","0","1","1","1","1","0","1","1","0","0","0","0","1","0","0","1","0","1","0","0","0","1","1","1","0","0","0","0","0","x","x","x"
"g_velutina_clark_et_al_457","mexico","mexico","g_velutina","big_erect","erect_or_climbing","forest","general_forest","0","1","0","0","0","0","1","1","0","1","0","0","0","1","0","1","0","0","0","0","0","0","1","0","1","0","1","0","0","0","0","0","1","0","0","0","0","1","0","0","1","1","0","1","0","0","0","0","0","x","x","x"
"g_velutina_conrad_et_al_z61","mexico","mexico","g_velutina","big_erect","erect_or_climbing","forest","general_forest","0","0","0","0","0","0","1","0","0","1","0","0","0","1","0","1","0","1","0","0","0","0","1","0","1","0","1","0","0","0","0","0","1","0","1","0","0","1","0","0","0","1","1","1","0","0","0","0","0","x","x","x"
"g_velutina_hiramatsu_sn","mexico","mexico","g_velutina","big_erect","erect_or_climbing","forest","general_forest","0","0","0","0","0","0","1","1","1","1","0","0","0","1","1","1","0","1","0","1","0","1","1","0","1","0","1","0","1","0","0","0","1","0","1","1","1","1","0","0","0","1","1","1","0","1","0","0","0","x","x","x"
"g_velutina_pringle_7163","mexico","mexico","g_velutina","big_erect","erect_or_climbing","forest","general_forest","0","0","0","0","0","0","1","1","0","1","0","0","0","1","0","1","0","0","0","1","0","0","1","0","1","1","1","0","0","0","0","0","1","0","1","0","0","1","0","0","0","1","1","1","0","1","0","0","0","x","x","x"
"g_velutina_sohns_1433","mexico","mexico","g_velutina","big_erect","erect_or_climbing","forest","general_forest","0","1","0","0","0","0","1","1","0","1","0","0","0","1","0","1","0","1","0","0","0","0","1","0","1","0","1","0","1","0","0","0","1","0","1","0","0","1","0","0","0","1","1","1","0","0","0","1","0","x","x","x"
"g_velutina_young_206","mexico","mexico","g_velutina","big_erect","erect_or_climbing","forest","general_forest","0","0","0","0","0","0","1","1","0","1","0","0","0","1","0","1","0","1","0","0","0","0","1","0","1","0","1","0","1","0","0","0","1","0","1","1","0","1","0","0","1","1","1","1","0","0","0","0","0","x","x","x"
"g_venezuelae_clark_et_al_1522","venezuela","eastern_south_america","g_venezuelae","small_arching","small_arching","savanna","savanna","1","1","1","1","1","1","1","1","1","0","0","1","1","1","0","0","1","1","0","0","0","0","1","0","1","0","1","0","1","0","0","0","1","0","1","1","0","0","0","0","1","0","0","1","0","1","0","0","0","x","x","x"
"g_venezuelae_davidse_and_gonzalez_16632","venezuela","eastern_south_america","g_venezuelae","small_arching","small_arching","savanna","savanna","1","1","1","1","0","1","1","1","1","0","0","1","1","0","0","0","0","1","0","0","0","0","1","0","1","0","1","1","1","0","0","0","1","1","1","1","0","0","0","1","1","0","0","1","0","1","0","0","0","x","x","x"
"g_venezuelae_davidse_and_huber_22496","venezuela","eastern_south_america","g_venezuelae","small_arching","small_arching","savanna","savanna","1","1","1","1","0","0","1","1","1","0","0","0","1","1","0","1","0","1","0","0","0","0","1","0","1","0","1","0","1","0","0","0","1","0","1","1","0","1","0","0","1","1","0","1","0","1","0","0","0","x","x","x"
"g_virgata_clark_and_morel_710","brazil","eastern_south_america","g_virgata","small_arching","small_arching","savanna","savanna","1","1","1","1","1","0","1","1","1","1","0","1","1","0","0","0","0","1","0","1","0","0","1","1","1","0","1","0","1","0","0","0","1","1","1","0","0","0","0","1","0","1","0","0","0","1","0","0","0","x","x","x"
"g_weberbaueri_calderon_and_soderstrom_2286","brazil","eastern_south_america","g_weberbaueri","leaning_climbing","erect_or_climbing","forest","general_forest","1","1","1","1","1","1","1","1","1","1","0","0","0","0","0","0","1","1","0","0","0","1","1","0","1","1","0","0","0","0","0","0","x","0","0","0","0","1","0","0","0","0","0","1","0","1","0","0","0","0","1","0"
"g_weberbaueri_gentry_43256","peru","andes","g_weberbaueri","leaning_climbing","erect_or_climbing","forest","general_forest","1","1","1","1","1","1","1","1","1","1","0","0","0","1","1","1","1","1","0","1","0","1","1","0","1","1","1","0","1","0","1","0","1","0","0","0","0","1","0","0","0","0","0","1","0","1","0","0","0","x","x","x"
"g_weberbaueri_hanson_sn","bolivia","eastern_south_america","g_weberbaueri","leaning_climbing","erect_or_climbing","forest","general_forest","1","1","1","1","0","1","1","1","1","1","0","0","1","0","0","0","1","1","0","0","0","0","1","1","1","1","0","0","0","0","0","0","x","0","0","1","1","1","0","0","0","0","1","1","0","1","0","0","0","0","1","0"
"g_weberbaueri_londono_625","brazil","eastern_south_america","g_weberbaueri","leaning_climbing","erect_or_climbing","forest","general_forest","1","1","1","1","0","0","1","1","1","1","0","0","1","1","0","1","0","1","0","0","0","1","1","0","1","1","0","0","0","0","0","0","x","0","0","1","0","1","0","0","0","1","1","1","0","1","0","1","0","0","1","0"
"g_weberbaueri_mcclure_21435","peru","andes","g_weberbaueri","leaning_climbing","erect_or_climbing","forest","general_forest","1","1","0","1","0","1","1","1","1","1","0","0","1","1","0","0","0","1","0","0","0","1","1","1","1","1","0","0","0","0","0","0","x","0","0","1","0","1","0","0","1","1","1","1","0","1","1","1","1","0","1","0"
"g_weberbaueri_smith_et_al_6424","peru","andes","g_weberbaueri","leaning_climbing","erect_or_climbing","forest","general_forest","1","1","1","1","0","1","1","1","1","1","0","0","0","1","1","0","1","1","0","0","0","1","1","1","1","1","0","0","0","0","0","0","x","0","1","1","0","1","0","0","1","0","1","1","0","1","0","1","0","1","1","0"
"g_weberbaueri_stannard_451","venezuela","eastern_south_america","g_weberbaueri","leaning_climbing","erect_or_climbing","forest","general_forest","1","1","1","1","0","0","1","1","1","1","0","0","0","1","1","1","1","1","0","0","0","0","1","1","0","x","0","0","0","0","0","0","x","0","0","1","1","1","0","0","0","1","1","1","1","1","0","0","0","x","x","x"
"g_weberbaueri_wasshausen_and_encarnacion_760","peru","andes","g_weberbaueri","leaning_climbing","erect_or_climbing","forest","general_forest","1","1","1","1","1","1","1","1","0","1","0","0","0","1","1","1","0","1","0","0","0","0","1","0","1","1","0","0","0","0","0","0","x","0","0","1","0","1","0","0","0","1","0","1","0","1","0","1","0","0","1","0"
"unknown_g_aff_paraguayana_londono_759","brazil","eastern_south_america","g_aff_paraguayana","big_erect","erect_or_climbing","forest","general_forest","0","1","0","0","0","0","1","1","0","1","0","0","0","1","0","1","0","1","0","1","0","0","1","0","1","0","1","0","0","0","0","0","1","0","0","0","0","1","0","0","1","1","1","1","0","1","1","1","0","x","x","x"
"unknown_g_aff_trinii_clark_and_windisch_872","brazil","eastern_south_america","g_aff_trinii","small_arching","small_arching","forest","general_forest","1","1","1","1","0","1","0","1","1","0","0","1","1","1","0","0","1","1","0","0","0","0","1","1","1","0","1","0","0","0","0","0","1","1","1","0","0","0","0","0","1","1","0","0","1","1","0","0","0","x","x","x"
"unknown_g_aff_virgata_irwin_and_soderstrom_6714","brazil","eastern_south_america","g_aff_virgata","small_arching","small_arching","savanna","savanna","0","0","0","0","0","0","1","0","1","0","0","1","1","1","1","0","1","1","0","0","0","0","1","1","1","1","0","0","0","0","0","0","x","0","0","0","1","1","0","1","1","1","1","1","0","1","0","0","0","0","1","0"
"unknown_g_aff_virgata_londono_768","brazil","eastern_south_america","g_aff_virgata","small_arching","small_arching","savanna","savanna","0","0","0","0","0","0","0","1","0","0","0","1","0","1","0","0","0","1","0","0","0","0","1","0","1","1","0","0","0","0","0","0","x","1","0","0","0","1","0","1","0","1","0","1","1","1","0","0","0","0","1","0"
"unknown_g_aff_weberbaueri_renvoize_4671","bolivia","eastern_south_america","g_aff_weberbaueri","leaning_climbing","erect_or_climbing","forest","general_forest","0","0","0","0","0","0","0","0","1","1","0","0","0","1","1","1","0","1","0","0","0","0","1","0","1","0","0","0","0","0","0","0","x","0","0","0","0","1","0","0","1","1","1","1","0","0","0","0","0","0","1","0"
